1;;LAH__OPF_1
2;;LAH__OPF_3
3;;LAH__OPF_4
4;;LAH__OPF_5
5;OPF-LAH-941;LAH__OPF_6
6;;LAH__OPF_7
7;OPF-LAH-1224;LAH__OPF_8
8;;LAH__OPF_9
9;;LAH__OPF_10
10;;LAH__OPF_11
11;OPF-LAH-1455;LAH__OPF_12
12;OPF-LAH-1457;LAH__OPF_13
13;OPF-LAH-1683;LAH__OPF_14
14;;LAH__OPF_15
15;OPF-LAH-1456;LAH__OPF_16
16;OPF-LAH-1459;LAH__OPF_17
17;OPF-LAH-1458;LAH__OPF_18
18;OPF-LAH-1698;LAH__OPF_19
19;OPF-LAH-1699;LAH__OPF_20
20;OPF-LAH-1700;LAH__OPF_21
21;OPF-LAH-1701;LAH__OPF_22
22;OPF-LAH-1702;LAH__OPF_23
23;;LAH__OPF_24
24;;LAH__OPF_570
25;;LAH__OPF_25
26;;LAH__OPF_26
27;;LAH__OPF_27
28;OPF-LAH-1655;LAH__OPF_28
29;OPF-LAH-1469;LAH__OPF_29
30;OPF-LAH-1703;LAH__OPF_30
31;OPF-LAH-1704;LAH__OPF_31
32;OPF-LAH-1705;LAH__OPF_32
33;OPF-LAH-1706;LAH__OPF_33
34;OPF-LAH-1707;LAH__OPF_34
35;OPF-LAH-1708;LAH__OPF_35
36;;LAH__OPF_36
37;OPF-LAH-1449;LAH__OPF_37
38;OPF-LAH-1686;LAH__OPF_38
39;OPF-LAH-1916;LAH__OPF_39
40;OPF-LAH-1709;LAH__OPF_40
41;;LAH__OPF_41
42;;LAH__OPF_42
43;OPF-LAH-1447;LAH__OPF_43
44;OPF-LAH-1710;LAH__OPF_44
45;OPF-LAH-1716;LAH__OPF_45
46;OPF-LAH-1717;LAH__OPF_46
47;OPF-LAH-1718;LAH__OPF_47
48;OPF-LAH-1719;LAH__OPF_48
49;OPF-LAH-1720;LAH__OPF_49
50;OPF-LAH-1721;LAH__OPF_50
51;OPF-LAH-1722;LAH__OPF_51
52;OPF-LAH-1723;LAH__OPF_52
53;OPF-LAH-1724;LAH__OPF_53
54;OPF-LAH-1725;LAH__OPF_54
55;OPF-LAH-1726;LAH__OPF_55
56;OPF-LAH-1728;LAH__OPF_56
57;OPF-LAH-1729;LAH__OPF_57
58;OPF-LAH-1727;LAH__OPF_58
59;OPF-LAH-1730;LAH__OPF_59
60;OPF-LAH-1731;LAH__OPF_60
61;OPF-LAH-1732;LAH__OPF_61
62;OPF-LAH-1733;LAH__OPF_62
63;OPF-LAH-1734;LAH__OPF_63
64;OPF-LAH-1735;LAH__OPF_64
65;OPF-LAH-1736;LAH__OPF_65
66;;LAH__OPF_66
67;OPF-LAH-1448;LAH__OPF_67
68;OPF-LAH-1737;LAH__OPF_68
69;OPF-LAH-1738;LAH__OPF_69
70;OPF-LAH-1739;LAH__OPF_70
71;OPF-LAH-1740;LAH__OPF_71
72;OPF-LAH-1741;LAH__OPF_72
73;OPF-LAH-1742;LAH__OPF_73
74;OPF-LAH-1743;LAH__OPF_74
75;OPF-LAH-1744;LAH__OPF_75
76;OPF-LAH-1745;LAH__OPF_76
77;;LAH__OPF_77
78;;LAH__OPF_78
79;OPF-LAH-1451;LAH__OPF_79
80;OPF-LAH-1452;LAH__OPF_80
81;OPF-LAH-1453;LAH__OPF_81
82;OPF-LAH-1697;LAH__OPF_82
83;OPF-LAH-1747;LAH__OPF_83
84;OPF-LAH-1748;LAH__OPF_84
85;;LAH__OPF_85
86;OPF-LAH-1677;LAH__OPF_86
87;OPF-LAH-1678;LAH__OPF_87
88;OPF-LAH-1689;LAH__OPF_88
89;;LAH__OPF_89
90;;LAH__OPF_90
91;;LAH__OPF_91
92;OPF-LAH-1607;LAH__OPF_92
93;OPF-LAH-1608;LAH__OPF_93
94;OPF-LAH-1548;LAH__OPF_94
95;;LAH__OPF_95
96;OPF-LAH-1622;LAH__OPF_96
97;;LAH__OPF_97
98;OPF-LAH-1920;LAH__OPF_98
99;;LAH__OPF_99
100;OPF-LAH-1614;LAH__OPF_100
101;OPF-LAH-1629;LAH__OPF_101
102;OPF-LAH-1630;LAH__OPF_102
103;;LAH__OPF_103
104;OPF-LAH-1613;LAH__OPF_104
105;OPF-LAH-1934;LAH__OPF_105
106;OPF-LAH-1615;LAH__OPF_106
107;OPF-LAH-1617;LAH__OPF_107
108;OPF-LAH-1963;LAH__OPF_108
109;OPF-LAH-1922;LAH__OPF_109
110;OPF-LAH-1923;LAH__OPF_110
111;OPF-LAH-1924;LAH__OPF_111
112;OPF-LAH-1925;LAH__OPF_112
113;OPF-LAH-1618;LAH__OPF_113
114;OPF-LAH-1927;LAH__OPF_114
115;OPF-LAH-1928;LAH__OPF_115
116;OPF-LAH-1929;LAH__OPF_116
117;OPF-LAH-1680;LAH__OPF_117
118;OPF-LAH-1930;LAH__OPF_118
119;OPF-LAH-1931;LAH__OPF_119
120;OPF-LAH-1932;LAH__OPF_120
121;OPF-LAH-1933;LAH__OPF_121
122;OPF-LAH-1619;LAH__OPF_122
123;OPF-LAH-1942;LAH__OPF_123
124;OPF-LAH-1943;LAH__OPF_124
125;OPF-LAH-1621;LAH__OPF_125
126;OPF-LAH-1949;LAH__OPF_126
127;OPF-LAH-1945;LAH__OPF_127
128;OPF-LAH-1935;LAH__OPF_128
129;OPF-LAH-1946;LAH__OPF_129
130;OPF-LAH-1947;LAH__OPF_130
131;OPF-LAH-1948;LAH__OPF_131
132;OPF-LAH-1628;LAH__OPF_132
133;OPF-LAH-1627;LAH__OPF_133
134;OPF-LAH-1671;LAH__OPF_134
135;OPF-LAH-1690;LAH__OPF_135
136;OPF-LAH-1675;LAH__OPF_136
137;OPF-LAH-1691;LAH__OPF_137
138;OPF-LAH-1692;LAH__OPF_138
139;OPF-LAH-1956;LAH__OPF_139
140;OPF-LAH-1957;LAH__OPF_140
141;;LAH__OPF_141
142;OPF-LAH-1623;LAH__OPF_142
143;OPF-LAH-1624;LAH__OPF_143
144;OPF-LAH-1625;LAH__OPF_144
145;OPF-LAH-1626;LAH__OPF_145
146;OPF-LAH-1954;LAH__OPF_146
147;OPF-LAH-1955;LAH__OPF_147
148;;LAH__OPF_148
149;OPF-LAH-1960;LAH__OPF_149
150;;LAH__OPF_150
151;OPF-LAH-1696;LAH__OPF_151
152;;LAH__OPF_152
153;;LAH__OPF_153
154;OPF-LAH-1463;LAH__OPF_154
155;OPF-LAH-1464;LAH__OPF_155
156;;LAH__OPF_156
157;OPF-LAH-1468;LAH__OPF_157
158;OPF-LAH-1693;LAH__OPF_158
159;OPF-LAH-1694;LAH__OPF_159
160;OPF-LAH-1695;LAH__OPF_160
161;OPF-LAH-1915;LAH__OPF_161
162;;LAH__OPF_162
163;;LAH__OPF_163
164;;LAH__OPF_164
165;;LAH__OPF_165
166;OPF-LAH-1324;LAH__OPF_166
167;;LAH__OPF_167
168;OPF-LAH-1326;LAH__OPF_168
169;;LAH__OPF_169
170;OPF-LAH-1328;LAH__OPF_170
171;;LAH__OPF_171
172;OPF-LAH-1330;LAH__OPF_172
173;;LAH__OPF_173
174;OPF-LAH-1961;LAH__OPF_174
175;OPF-LAH-1962;LAH__OPF_175
176;;LAH__OPF_176
177;OPF-LAH-1826;LAH__OPF_177
178;OPF-LAH-1827;LAH__OPF_178
179;OPF-LAH-1828;LAH__OPF_179
180;OPF-LAH-1829;LAH__OPF_180
181;OPF-LAH-1830;LAH__OPF_181
182;OPF-LAH-1831;LAH__OPF_182
183;OPF-LAH-1832;LAH__OPF_183
184;OPF-LAH-1833;LAH__OPF_184
185;OPF-LAH-1834;LAH__OPF_185
186;OPF-LAH-1835;LAH__OPF_186
187;;LAH__OPF_187
188;OPF-LAH-1843;LAH__OPF_188
189;OPF-LAH-1844;LAH__OPF_189
190;OPF-LAH-1845;LAH__OPF_190
191;OPF-LAH-1846;LAH__OPF_191
192;OPF-LAH-1847;LAH__OPF_192
193;OPF-LAH-1848;LAH__OPF_193
194;OPF-LAH-1849;LAH__OPF_194
195;OPF-LAH-1850;LAH__OPF_195
196;OPF-LAH-1851;LAH__OPF_196
197;OPF-LAH-1852;LAH__OPF_197
198;;LAH__OPF_198
199;OPF-LAH-1860;LAH__OPF_199
200;;LAH__OPF_200
201;OPF-LAH-1862;LAH__OPF_201
202;OPF-LAH-1863;LAH__OPF_202
203;;LAH__OPF_203
204;OPF-LAH-1865;LAH__OPF_204
205;OPF-LAH-1866;LAH__OPF_205
206;OPF-LAH-1867;LAH__OPF_206
207;;LAH__OPF_207
208;OPF-LAH-1332;LAH__OPF_208
209;;LAH__OPF_209
210;OPF-LAH-1492;LAH__OPF_210
211;OPF-LAH-1493;LAH__OPF_211
212;OPF-LAH-1494;LAH__OPF_212
213;OPF-LAH-1538;LAH__OPF_213
214;OPF-LAH-1676;LAH__OPF_214
215;;LAH__OPF_215
216;OPF-LAH-1489;LAH__OPF_216
217;OPF-LAH-1498;LAH__OPF_217
218;OPF-LAH-1490;LAH__OPF_218
219;OPF-LAH-1499;LAH__OPF_219
220;OPF-LAH-1495;LAH__OPF_220
221;OPF-LAH-1666;LAH__OPF_221
222;;LAH__OPF_222
223;OPF-LAH-1644;LAH__OPF_223
224;OPF-LAH-1645;LAH__OPF_224
225;OPF-LAH-1496;LAH__OPF_225
226;OPF-LAH-1497;LAH__OPF_226
227;OPF-LAH-1500;LAH__OPF_227
228;OPF-LAH-1667;LAH__OPF_228
229;OPF-LAH-1504;LAH__OPF_229
230;OPF-LAH-1501;LAH__OPF_230
231;OPF-LAH-1502;LAH__OPF_231
232;OPF-LAH-1503;LAH__OPF_232
233;OPF-LAH-1505;LAH__OPF_233
234;OPF-LAH-1636;LAH__OPF_234
235;OPF-LAH-1637;LAH__OPF_235
236;OPF-LAH-1646;LAH__OPF_236
237;OPF-LAH-1647;LAH__OPF_237
238;OPF-LAH-1649;LAH__OPF_238
239;OPF-LAH-1650;LAH__OPF_239
240;OPF-LAH-1651;LAH__OPF_240
241;OPF-LAH-1672;LAH__OPF_241
242;OPF-LAH-1673;LAH__OPF_242
243;OPF-LAH-1674;LAH__OPF_243
244;OPF-LAH-1679;LAH__OPF_244
245;OPF-LAH-1681;LAH__OPF_245
246;;LAH__OPF_246
247;OPF-LAH-1506;LAH__OPF_247
248;OPF-LAH-1507;LAH__OPF_248
249;OPF-LAH-1508;LAH__OPF_249
250;OPF-LAH-1509;LAH__OPF_250
251;OPF-LAH-1510;LAH__OPF_251
252;OPF-LAH-1648;LAH__OPF_252
253;OPF-LAH-1711;LAH__OPF_253
254;;LAH__OPF_254
255;OPF-LAH-1511;LAH__OPF_255
256;OPF-LAH-1512;LAH__OPF_256
257;OPF-LAH-1513;LAH__OPF_257
258;OPF-LAH-1514;LAH__OPF_258
259;OPF-LAH-1515;LAH__OPF_259
260;OPF-LAH-1682;LAH__OPF_260
261;OPF-LAH-1712;LAH__OPF_261
262;;LAH__OPF_262
263;OPF-LAH-1516;LAH__OPF_263
264;OPF-LAH-1517;LAH__OPF_264
265;OPF-LAH-1656;LAH__OPF_265
266;OPF-LAH-1518;LAH__OPF_266
267;OPF-LAH-1519;LAH__OPF_267
268;;LAH__OPF_268
269;OPF-LAH-1520;LAH__OPF_269
270;OPF-LAH-1521;LAH__OPF_270
271;OPF-LAH-1522;LAH__OPF_271
272;;LAH__OPF_272
273;OPF-LAH-1523;LAH__OPF_273
274;OPF-LAH-1524;LAH__OPF_274
275;OPF-LAH-1525;LAH__OPF_275
276;OPF-LAH-1526;LAH__OPF_276
277;;LAH__OPF_277
278;OPF-LAH-1527;LAH__OPF_278
279;OPF-LAH-1528;LAH__OPF_279
280;OPF-LAH-1529;LAH__OPF_280
281;OPF-LAH-1530;LAH__OPF_281
282;;LAH__OPF_282
283;OPF-LAH-1531;LAH__OPF_283
284;OPF-LAH-1532;LAH__OPF_284
285;OPF-LAH-1533;LAH__OPF_285
286;OPF-LAH-1668;LAH__OPF_286
287;;LAH__OPF_287
288;OPF-LAH-1713;LAH__OPF_288
289;OPF-LAH-1639;LAH__OPF_289
290;OPF-LAH-1640;LAH__OPF_290
291;OPF-LAH-1641;LAH__OPF_291
292;OPF-LAH-1642;LAH__OPF_292
293;OPF-LAH-1643;LAH__OPF_293
294;;LAH__OPF_294
295;OPF-LAH-1653;LAH__OPF_295
296;OPF-LAH-1654;LAH__OPF_296
297;OPF-LAH-1714;LAH__OPF_297
298;OPF-LAH-1715;LAH__OPF_298
299;;LAH__OPF_299
300;OPF-LAH-1534;LAH__OPF_300
301;OPF-LAH-1535;LAH__OPF_301
302;OPF-LAH-1536;LAH__OPF_302
303;OPF-LAH-1657;LAH__OPF_303
304;;LAH__OPF_304
305;OPF-LAH-1632;LAH__OPF_305
306;OPF-LAH-1635;LAH__OPF_306
307;OPF-LAH-1634;LAH__OPF_307
308;;LAH__OPF_308
309;OPF-LAH-1750;LAH__OPF_309
310;OPF-LAH-1751;LAH__OPF_310
311;OPF-LAH-1752;LAH__OPF_311
312;OPF-LAH-1753;LAH__OPF_312
313;OPF-LAH-1754;LAH__OPF_313
314;OPF-LAH-1755;LAH__OPF_314
315;;LAH__OPF_315
316;;LAH__OPF_316
317;OPF-LAH-1758;LAH__OPF_317
318;OPF-LAH-1759;LAH__OPF_318
319;OPF-LAH-1766;LAH__OPF_319
320;OPF-LAH-1767;LAH__OPF_320
321;OPF-LAH-1768;LAH__OPF_321
322;OPF-LAH-1769;LAH__OPF_322
323;OPF-LAH-1770;LAH__OPF_323
324;;LAH__OPF_324
325;OPF-LAH-1772;LAH__OPF_325
326;OPF-LAH-1773;LAH__OPF_326
327;OPF-LAH-1774;LAH__OPF_327
328;OPF-LAH-1775;LAH__OPF_328
329;OPF-LAH-1776;LAH__OPF_329
330;OPF-LAH-1777;LAH__OPF_330
331;OPF-LAH-1778;LAH__OPF_331
332;OPF-LAH-1779;LAH__OPF_332
333;OPF-LAH-1780;LAH__OPF_333
334;OPF-LAH-1781;LAH__OPF_334
335;OPF-LAH-1782;LAH__OPF_335
336;OPF-LAH-1783;LAH__OPF_336
337;OPF-LAH-1784;LAH__OPF_337
338;OPF-LAH-1785;LAH__OPF_338
339;;LAH__OPF_339
340;OPF-LAH-1813;LAH__OPF_340
341;OPF-LAH-1814;LAH__OPF_341
342;OPF-LAH-1815;LAH__OPF_342
343;OPF-LAH-1816;LAH__OPF_343
344;OPF-LAH-1817;LAH__OPF_344
345;OPF-LAH-1818;LAH__OPF_345
346;OPF-LAH-1819;LAH__OPF_346
347;OPF-LAH-1820;LAH__OPF_347
348;OPF-LAH-1821;LAH__OPF_348
349;OPF-LAH-1822;LAH__OPF_349
350;OPF-LAH-1823;LAH__OPF_350
351;OPF-LAH-1824;LAH__OPF_351
352;;LAH__OPF_352
353;OPF-LAH-1869;LAH__OPF_353
354;OPF-LAH-1870;LAH__OPF_354
355;OPF-LAH-1871;LAH__OPF_355
356;OPF-LAH-1872;LAH__OPF_356
357;OPF-LAH-1873;LAH__OPF_357
358;OPF-LAH-1874;LAH__OPF_358
359;OPF-LAH-1875;LAH__OPF_359
360;OPF-LAH-1876;LAH__OPF_360
361;OPF-LAH-1877;LAH__OPF_361
362;OPF-LAH-1878;LAH__OPF_362
363;;LAH__OPF_363
364;OPF-LAH-1937;LAH__OPF_364
365;OPF-LAH-1938;LAH__OPF_365
366;OPF-LAH-1939;LAH__OPF_366
367;OPF-LAH-1940;LAH__OPF_367
368;OPF-LAH-1941;LAH__OPF_368
369;;LAH__OPF_369
370;;LAH__OPF_370
371;;LAH__OPF_371
372;;LAH__OPF_372
373;OPF-LAH-1760;LAH__OPF_373
374;OPF-LAH-1761;LAH__OPF_374
375;OPF-LAH-1763;LAH__OPF_375
376;OPF-LAH-1764;LAH__OPF_376
377;;LAH__OPF_377
378;OPF-LAH-1786;LAH__OPF_378
379;OPF-LAH-1787;LAH__OPF_379
380;OPF-LAH-1788;LAH__OPF_380
381;OPF-LAH-1789;LAH__OPF_381
382;OPF-LAH-1790;LAH__OPF_382
383;OPF-LAH-1792;LAH__OPF_383
384;OPF-LAH-1791;LAH__OPF_384
385;OPF-LAH-1793;LAH__OPF_385
386;OPF-LAH-1794;LAH__OPF_386
387;OPF-LAH-1795;LAH__OPF_387
388;OPF-LAH-1796;LAH__OPF_388
389;OPF-LAH-1797;LAH__OPF_389
390;OPF-LAH-1799;LAH__OPF_390
391;OPF-LAH-1800;LAH__OPF_391
392;OPF-LAH-1801;LAH__OPF_392
393;OPF-LAH-1802;LAH__OPF_393
394;OPF-LAH-1803;LAH__OPF_394
395;;LAH__OPF_395
396;OPF-LAH-1838;LAH__OPF_396
397;OPF-LAH-1839;LAH__OPF_397
398;OPF-LAH-1840;LAH__OPF_398
399;OPF-LAH-1841;LAH__OPF_399
400;;LAH__OPF_400
401;OPF-LAH-1855;LAH__OPF_401
402;OPF-LAH-1856;LAH__OPF_402
403;OPF-LAH-1857;LAH__OPF_403
404;OPF-LAH-1858;LAH__OPF_404
405;;LAH__OPF_405
406;OPF-LAH-1806;LAH__OPF_406
407;OPF-LAH-1807;LAH__OPF_407
408;;LAH__OPF_408
409;;LAH__OPF_409
410;OPF-LAH-1880;LAH__OPF_410
411;OPF-LAH-1881;LAH__OPF_411
412;OPF-LAH-1882;LAH__OPF_412
413;OPF-LAH-1883;LAH__OPF_413
414;OPF-LAH-1884;LAH__OPF_414
415;OPF-LAH-1885;LAH__OPF_415
416;OPF-LAH-1886;LAH__OPF_416
417;OPF-LAH-1887;LAH__OPF_417
418;OPF-LAH-1888;LAH__OPF_418
419;OPF-LAH-1889;LAH__OPF_419
420;OPF-LAH-1890;LAH__OPF_420
421;OPF-LAH-1891;LAH__OPF_421
422;OPF-LAH-1892;LAH__OPF_422
423;OPF-LAH-1893;LAH__OPF_423
424;OPF-LAH-1894;LAH__OPF_424
425;OPF-LAH-1895;LAH__OPF_425
426;OPF-LAH-1896;LAH__OPF_426
427;OPF-LAH-1897;LAH__OPF_427
428;OPF-LAH-1898;LAH__OPF_428
429;OPF-LAH-1899;LAH__OPF_429
430;OPF-LAH-1900;LAH__OPF_430
431;OPF-LAH-1901;LAH__OPF_431
432;OPF-LAH-1902;LAH__OPF_432
433;OPF-LAH-1903;LAH__OPF_433
434;OPF-LAH-1904;LAH__OPF_434
435;OPF-LAH-1905;LAH__OPF_435
436;OPF-LAH-1906;LAH__OPF_436
437;OPF-LAH-1907;LAH__OPF_437
438;OPF-LAH-1908;LAH__OPF_438
439;OPF-LAH-1909;LAH__OPF_439
440;OPF-LAH-1910;LAH__OPF_440
441;OPF-LAH-1911;LAH__OPF_441
442;OPF-LAH-1912;LAH__OPF_442
443;OPF-LAH-1913;LAH__OPF_443
444;OPF-LAH-1914;LAH__OPF_444
445;;LAH__OPF_445
446;OPF-LAH-1950;LAH__OPF_446
447;;LAH__OPF_447
448;;LAH__OPF_448
449;OPF-LAH-1809;LAH__OPF_449
450;OPF-LAH-1919;LAH__OPF_450
451;OPF-LAH-1810;LAH__OPF_451
452;OPF-LAH-1811;LAH__OPF_452
453;OPF-LAH-1953;LAH__OPF_453
454;;LAH__OPF_454
455;OPF-LAH-1918;LAH__OPF_455
456;OPF-LAH-1951;LAH__OPF_456
457;OPF-LAH-1952;LAH__OPF_457
458;;LAH__OPF_458
459;OPF-LAH-279;LAH__OPF_459
460;OPF-LAH-280;LAH__OPF_460
461;OPF-LAH-1375;LAH__OPF_461
462;OPF-LAH-1376;LAH__OPF_462
463;OPF-LAH-1377;LAH__OPF_463
464;OPF-LAH-1378;LAH__OPF_464
465;OPF-LAH-281;LAH__OPF_465
466;OPF-LAH-282;LAH__OPF_466
467;OPF-LAH-984;LAH__OPF_467
468;OPF-LAH-985;LAH__OPF_468
469;OPF-LAH-986;LAH__OPF_469
470;OPF-LAH-1035;LAH__OPF_470
471;OPF-LAH-1037;LAH__OPF_471
472;;LAH__OPF_472
473;OPF-LAH-284;LAH__OPF_473
474;;LAH__OPF_474
475;OPF-LAH-286;LAH__OPF_475
476;;LAH__OPF_476
477;OPF-LAH-293;LAH__OPF_477
478;OPF-LAH-894;LAH__OPF_478
479;OPF-LAH-1370;LAH__OPF_479
480;OPF-LAH-1371;LAH__OPF_480
481;OPF-LAH-995;LAH__OPF_481
482;OPF-LAH-1372;LAH__OPF_482
483;OPF-LAH-996;LAH__OPF_483
484;OPF-LAH-1373;LAH__OPF_484
485;OPF-LAH-997;LAH__OPF_485
486;OPF-LAH-998;LAH__OPF_486
487;OPF-LAH-295;LAH__OPF_487
488;OPF-LAH-999;LAH__OPF_488
489;OPF-LAH-296;LAH__OPF_489
490;OPF-LAH-1000;LAH__OPF_490
491;OPF-LAH-297;LAH__OPF_491
492;OPF-LAH-298;LAH__OPF_492
493;OPF-LAH-299;LAH__OPF_493
494;;LAH__OPF_494
495;OPF-LAH-301;LAH__OPF_495
496;OPF-LAH-302;LAH__OPF_496
497;OPF-LAH-303;LAH__OPF_497
498;;LAH__OPF_498
499;;LAH__OPF_571
500;;LAH__OPF_499
501;OPF-LAH-719;LAH__OPF_500
502;OPF-LAH-722;LAH__OPF_501
503;OPF-LAH-723;LAH__OPF_502
504;OPF-LAH-725;LAH__OPF_503
505;OPF-LAH-726;LAH__OPF_504
506;OPF-LAH-898;LAH__OPF_505
507;;LAH__OPF_506
508;OPF-LAH-733;LAH__OPF_507
509;OPF-LAH-1306;LAH__OPF_508
510;OPF-LAH-735;LAH__OPF_509
511;OPF-LAH-736;LAH__OPF_510
512;OPF-LAH-1304;LAH__OPF_511
513;OPF-LAH-737;LAH__OPF_512
514;OPF-LAH-738;LAH__OPF_513
515;OPF-LAH-739;LAH__OPF_514
516;OPF-LAH-740;LAH__OPF_515
517;OPF-LAH-1074;LAH__OPF_516
518;OPF-LAH-741;LAH__OPF_517
519;OPF-LAH-742;LAH__OPF_518
520;OPF-LAH-743;LAH__OPF_519
521;OPF-LAH-1305;LAH__OPF_520
522;OPF-LAH-1277;LAH__OPF_521
523;OPF-LAH-744;LAH__OPF_522
524;OPF-LAH-745;LAH__OPF_523
525;OPF-LAH-1307;LAH__OPF_524
526;OPF-LAH-747;LAH__OPF_525
527;OPF-LAH-748;LAH__OPF_526
528;OPF-LAH-1308;LAH__OPF_527
529;OPF-LAH-751;LAH__OPF_528
530;OPF-LAH-1238;LAH__OPF_529
531;OPF-LAH-752;LAH__OPF_530
532;OPF-LAH-753;LAH__OPF_531
533;OPF-LAH-754;LAH__OPF_532
534;OPF-LAH-755;LAH__OPF_533
535;OPF-LAH-756;LAH__OPF_534
536;OPF-LAH-758;LAH__OPF_535
537;OPF-LAH-759;LAH__OPF_536
538;OPF-LAH-760;LAH__OPF_537
539;OPF-LAH-761;LAH__OPF_538
540;OPF-LAH-763;LAH__OPF_539
541;;LAH__OPF_540
542;;LAH__OPF_572
543;OPF-LAH-766;LAH__OPF_541
544;OPF-LAH-767;LAH__OPF_542
545;OPF-LAH-769;LAH__OPF_543
546;;LAH__OPF_544
547;;LAH__OPF_545
548;OPF-LAH-772;LAH__OPF_546
549;OPF-LAH-775;LAH__OPF_547
550;OPF-LAH-776;LAH__OPF_548
551;OPF-LAH-778;LAH__OPF_549
552;OPF-LAH-789;LAH__OPF_550
553;OPF-LAH-786;LAH__OPF_551
554;;LAH__OPF_552
555;OPF-LAH-791;LAH__OPF_553
556;;LAH__OPF_554
557;OPF-LAH-793;LAH__OPF_555
558;OPF-LAH-794;LAH__OPF_556
559;OPF-LAH-795;LAH__OPF_557
560;OPF-LAH-895;LAH__OPF_558
561;OPF-LAH-798;LAH__OPF_559
562;OPF-LAH-1048;LAH__OPF_560
563;OPF-LAH-1049;LAH__OPF_561
564;OPF-LAH-803;LAH__OPF_562
565;;LAH__OPF_563
566;OPF-LAH-806;LAH__OPF_564
567;;LAH__OPF_565
568;OPF-LAH-809;LAH__OPF_566
569;OPF-LAH-811;LAH__OPF_567
570;;LAH__OPF_568
571;OPF-LAH-813;LAH__OPF_569
